Data Date,Rows,Execution Time(minutes)
2022-08-01,65382.0,1.89
2022-08-02,67550.0,2.97
2022-08-03,69231.0,2.59
2022-08-04,68049.0,2.38
2022-08-05,69557.0,2.69
2022-08-06,67796.0,3.01
2022-08-07,4689.0,0.24
2022-08-08,65700.0,2.6
2022-08-09,67161.0,2.37
2022-08-10,68173.0,3.23
2022-08-11,67634.0,12.37
2022-08-12,71181.0,3.86
2022-08-13,68853.0,2.33
2022-08-14,6186.0,0.23
2022-08-15,65764.0,2.66
2022-08-16,68726.0,2.77
2022-08-17,69201.0,2.82
2022-08-18,67794.0,2.8
2022-08-19,71052.0,2.95
2022-08-20,63106.0,2.54
2022-08-21,4489.0,0.19
2022-08-22,65905.0,2.71
2022-08-23,67687.0,2.67
2022-08-24,68177.0,2.79
2022-08-25,67286.0,2.65
2022-08-26,64411.0,2.55
2022-08-27,67914.0,2.75
2022-08-28,132.0,0.01
2022-08-29,51754.0,1.98
2022-08-30,62497.0,2.39
